{"schemaVersion":"1.0","appDefinitionTemplate":{"id":"/providers/Microsoft.PowerApps/apps/","type":"Microsoft.PowerApps/apps","tags":{"primaryDeviceWidth":"1366","primaryDeviceHeight":"768","supportsPortrait":"true","supportsLandscape":"true","primaryFormFactor":"Tablet","publisherVersion":"3.22082.8","minimumRequiredApiVersion":"2.2.0","hasComponent":"false","hasUnlockedComponent":"false","isUnifiedRootApp":"false","sienaVersion":"20220821T052116Z-3.22082.8.0"},"properties":{"appVersion":"2022-08-21T05:21:16Z","lifeCycleId":"Published","createdByClientVersion":{"major":3,"minor":22082,"build":8,"revision":0,"majorRevision":0,"minorRevision":0},"minClientVersion":{"major":3,"minor":22082,"build":8,"revision":0,"majorRevision":0,"minorRevision":0},"backgroundColor":"RGBA(0,176,240,1)","backgroundImageUri":"/1445766748677862984/N097424f5-1b84-4c9a-9dd0-411c2932c627-logoSmallFile","displayName":"V Care","description":"","commitMessage":"","appUris":{"documentUri":{"value":"/1445766748677862984/Nbd0d4c6e-c2fc-4d75-8f04-37c6659e7cb0-document.msapp"},"imageUris":[],"additionalUris":[]},"createdTime":"0001-01-01T00:00:00Z","lastModifiedTime":"0001-01-01T00:00:00Z","sharedGroupsCount":0,"sharedUsersCount":0,"icons":{"smallIconUri":"/1445766748677862984/N4279b859-126c-495e-858a-18763b6dd6db-small.png","mediumIconUri":"/1445766748677862984/Ncf0eda17-b356-489a-8d0b-6ab2ef0cc185-medium.png","largeIconUri":"/1445766748677862984/N1797aad6-73a1-4263-ab38-1a3f1e885227-large.png","wideIconUri":"/1445766748677862984/N7b51a04f-ee99-4734-930c-3e0621af02ea-wide.png"},"connectionReferences":{},"databaseReferences":{"default.cds":{"databaseDetails":{"referenceType":"Environmental","environmentName":"default.cds","overrideValues":{"status":"NotSpecified"}},"dataSources":{"Gov_Hack_Symptoms":{"entitySetName":"cr0fb_gov_hack_symptomses","logicalName":"cr0fb_gov_hack_symptoms"}},"actions":["providers/PowerPlatform.Governance/Operations/Read","providers/PowerPlatform.Governance/Operations/Write","providers/PowerPlatform.Governance/Operations/Delete"]}},"almMode":"Environment","performanceOptimizationEnabled":true,"canConsumeAppPass":true,"enableModernRuntimeMode":false,"executionRestrictions":{"isTeamsOnly":false,"dataLossPreventionEvaluationResult":{"status":"Compliant","lastEvaluationDate":"2022-08-20T04:29:05.240536Z","violations":[],"violationsByPolicy":[],"violationErrorMessage":"The app uses the following connectors: ."}}},"appType":"ClassicCanvasApp","appComponents":[]}}